code;nom;sexe
ACH;Achard;male
ADE;Adélaïde;female
AGN;Agnès;female
ALI;Aliénor;female
AMA;Amaury;male
AME;Ameline;female
ARN;Arnoul;male
AUE;Aude;female
AUD;Audoin;male
AVE;Aveline;female
AYM;Aymeri;male
AEL;Aélis;female
BAR;Barthélemy;male
BAU;Baudoin;male
BAD;Baudry;male
BEN;Bernier;male
BET;Berthe;female
BRT;Bertrand;male
BLA;Blanche;female
BOU;Bouchard;male
BEA;Béatrix;female
BER;Bérenger;male
BEG;Bérengère;female
CHA;Charles;male
CLM;Clémence;female
CLE;Clément;male
COS;Constance;female
CON;Constant;male
DRE;Dreux;male
EMM;Emmeline;female
ENG;Enguerrand;male
ERM;Ermengarde;female
EUD;Eudes;male
EUS;Eustache;male
FOU;Foulques;male
GAB;Gaubert;male
GAU;Gaucher;male
GEN;Geneviève;female
GEO;Geoffroy;male
GES;Gersende;female
GER;Gervais;male
GIL;Gilbert;male
GIR;Girard;male
GOD;Godefroy;male
GON;Gontran;male
GUI;Guillaume;male
GUY;Guy;male
GUE;Guérin;male
HEL;Helvise;female
HER;Herbert;male
HES;Hersende;female
HEV;Hervé;male
HIL;Hildegarde;female
HUO;Hugon;male
HUG;Hugues;male
IMB;Imbert;male
ISA;Isabelle;female
ISE;Isembert;male
JEA;Jean;male
JEN;Jeanne;female
JOC;Jocelin;male
JOS;Josseran;male
JOU;Jourdain;male
JUD;Judith;female
JUL;Julienne;female
LAM;Lambert;male
LAN;Lancelot;male
LAD;Landry;male
LOU;Louis;male
LEO;Léonard;male
MAB;Mabille;female
MAH;Mahaut;female
MAN;Manassès;male
MAR;Marguerite;female
MAI;Marie;female
MAT;Mathilde;female
MIL;Miles;male
MOR;Morin;male
MEL;Mélisende;female
ODO;Odon;male
OGE;Oger;male
OLV;Olive;female
OLI;Olivier;male
ONF;Onfroy;male
PAY;Payen;male
PHL;Philippa;female
PHI;Philippe;male
PIE;Pierre;male
PET;Pétronille;female
RAM;Raimbaud;male
RIM;Raimon;male
RAI;Rainaud;male
RAO;Raoul;male
REN;Renaud;male
RIC;Richard;male
RIH;Richilde;female
ROB;Robert;male
ROG;Roger;male
RNI;Rénier;male
SAB;Sabine;female
SAL;Salomon;male
SAM;Samson;male
SEG;Seguin;male
SIB;Sibylle;female
SIC;Sicard;male
SIM;Simon;male
SUZ;Suzanne;female
TAN;Tancrède;male
THI;Thibaut;male
THE;Thierry;male
THO;Thomas;male
TIP;Tiphaine;female
VAL;Valeran;male
VAR;Varin;male
YOL;Yolande;female
YSA;Ysabeau;female
YSE;Yseult;female
YVE;Yves;male
YVO;Yvon;male
ELI;Élisabeth;female
